property_id,City_clean,Locality,Price,Avg_Rent,rental_yield_pct,yield_category,investment_score,score_driver,score_rent_component,score_safety_component,score_flood_component,property_age_bucket,bhk,furnishing_type,price_trend_proxy,Crime_Index,Flood_Risk,locality_id,Name,Property Title,State,ry_prank,ry_capped,crime_prank,safety_prank,flood_norm,flood_data_level,crime_data_level,yield_unit,investment_score_scale,last_updated,assumption_notes,score_formula_version,data_status,area_category,Area_sqft_valid,price_realistic_flag,price_lakh,price_crore
f91fc799-dc5c-48cd-ba90-73d520142f61,Pune,Sanvi Height,3300000.0,14450.0,5.254545455,High,58.5,Rental Yield Driven,55.0,15.3,10.0,5-10 years,2,Fully-Furnished,0.102,17123,62.82136117,b676c1b281b3aa649360d8a6bf6b1999,"Sanvi Height,Chakan, Pune","2 BHK Flat for sale in Chakan, Pune",Maharashtra,0.785861784,5.254545455,0.23502891,0.76497109,1.0,State,City,Percent (%),100,2025-12-15,"Flood risk applied at state level due to data availability. Property age, BHK, and furnishing type inferred using domain assumptions. Price trend is a proxy, not historical time-series.",RY_70 + SAFETY_20 + FLOOD_10,FINAL_FROZEN,Medium,882,True,33.0,0.33
0f104c6f-a142-4d61-8d7f-9aa045709aa0,Chennai,Thirumangalam,10700000.0,13400.0,1.502803738,Low,34.5,Rental Yield Driven,16.5,1.1,0.6,5-10 years,2,Unfurnished,0.355,58508,72.20217747,33a2ad2e0ba60b52616b92df94266391,"Thirumangalam, Anna Nagar West,Chennai","2 BHK Flat for sale in Anna Nagar West, Chennai",Tamil Nadu,0.235373073,1.502803738,0.945140419,0.054859581,0.059771337,State,City,Percent (%),100,2025-12-15,"Flood risk applied at state level due to data availability. Property age, BHK, and furnishing type inferred using domain assumptions. Price trend is a proxy, not historical time-series.",RY_70 + SAFETY_20 + FLOOD_10,FINAL_FROZEN,Medium,890,True,107.0,1.07
0a596c4e-555f-4cfc-b135-2d97bb65c6d6,Bangalore,Sector 3,5800000.0,14450.0,2.989655172,Medium,40.6,Rental Yield Driven,38.1,8.7,7.47,0-5 years,2,Unfurnished,0.714,28358,72.79852595,42b212293cecf39464372d0182e6c9bc,"Sector 3, HSR Layout,Bangalore","2 BHK Flat for sale in HSR Layout, Bangalore",Karnataka,0.544603524,2.989655172,0.567077368,0.432922632,0.747444283,State,City,Percent (%),100,2025-12-15,"Flood risk applied at state level due to data availability. Property age, BHK, and furnishing type inferred using domain assumptions. Price trend is a proxy, not historical time-series.",RY_70 + SAFETY_20 + FLOOD_10,FINAL_FROZEN,Medium,1066,True,58.0,0.58
fce0d7a1-a2cb-4704-aa03-f70374660643,Bangalore,Corporation Colony,16000000.0,14450.0,1.08375,Low,40.6,Rental Yield Driven,10.0,8.7,7.47,0-5 years,2,Semi-Furnished,0.714,28358,72.79852595,80962b3514cb6649b34be9e762e6ea38,"Corporation Colony, Ulsoor,Bangalore","4 BHK Independent House for sale in Ulsoor, Bangalore",Karnataka,0.14248348,1.08375,0.567077368,0.432922632,0.747444283,State,City,Percent (%),100,2025-12-15,"Flood risk applied at state level due to data availability. Property age, BHK, and furnishing type inferred using domain assumptions. Price trend is a proxy, not historical time-series.",RY_70 + SAFETY_20 + FLOOD_10,FINAL_FROZEN,Medium,1000,True,160.0,1.6
b9752acd-9c43-4ebc-9edd-5fcd331b4645,Chennai,Kaladipet,5600000.0,13400.0,2.871428571,Medium,34.5,Rental Yield Driven,35.7,1.1,0.6,0-5 years,2,Unfurnished,0.355,58508,72.20217747,8dc5001d58d5081e67d433dfde7d6d6c,"Kaladipet, Tiruvottiyur,Chennai","1 BHK Independent House for sale in Tiruvottiyur, Chennai",Tamil Nadu,0.510703469,2.871428571,0.945140419,0.054859581,0.059771337,State,City,Percent (%),100,2025-12-15,"Flood risk applied at state level due to data availability. Property age, BHK, and furnishing type inferred using domain assumptions. Price trend is a proxy, not historical time-series.",RY_70 + SAFETY_20 + FLOOD_10,FINAL_FROZEN,Medium,650,True,56.0,0.56
96ad7eed-6ed0-4ec8-a7a3-b92cea6a1b14,Hyderabad,Sri Venkateshwara Colony,8600000.0,13815.34091,1.927721987,Low,51.0,Rental Yield Driven,22.7,19.6,0.5,5-10 years,2,Semi-Furnished,0.888,8200,72.30334564,eb97916ea2d4a04e671be727234343c5,"Sri Venkateshwara Colony, Balapur,Hyderabad","2 BHK Independent House for sale in Balapur, Hyderabad",Telangana,0.324717786,1.927721987,0.018619218,0.981380782,0.049631365,State,City,Percent (%),100,2025-12-15,"Flood risk applied at state level due to data availability. Property age, BHK, and furnishing type inferred using domain assumptions. Price trend is a proxy, not historical time-series.",RY_70 + SAFETY_20 + FLOOD_10,FINAL_FROZEN,Large,1230,True,86.0,0.86
dbdd9e2e-b1bc-4a30-92e7-98cb8c30415f,New Delhi,Rajpur Khurd Village,7500000.0,14450.0,2.312,Medium,42.9,Rental Yield Driven,28.6,8.7,1.97,10+ years,2,Unfurnished,0.485,28358,70.832899,e40f8f5f691634a54907f81a9b574075,"Rajpur Khurd Village, Chhattarpur,New Delhi","3 BHK Flat for sale in Chhattarpur, New Delhi",Delhi,0.408418227,2.312,0.567077368,0.432922632,0.197012577,State,City,Percent (%),100,2025-12-15,"Flood risk applied at state level due to data availability. Property age, BHK, and furnishing type inferred using domain assumptions. Price trend is a proxy, not historical time-series.",RY_70 + SAFETY_20 + FLOOD_10,FINAL_FROZEN,Large,1337,True,75.0,0.75
6f754006-0217-4bcf-aca1-64507a83d795,Mumbai,Kalina,30500000.0,50000.0,1.967213115,Low,47.6,Rental Yield Driven,23.0,3.1,10.0,10+ years,2,Unfurnished,0.953,54543,62.82136117,e9044b767e1c9194173cf0bc1e01d74d,Arbuda Darshan Chs Ltd,"3 BHK Flat for sale in Santacruz East, Mumbai",Maharashtra,0.329019824,1.967213115,0.843681167,0.156318833,1.0,State,City,Percent (%),100,2025-12-15,"Flood risk applied at state level due to data availability. Property age, BHK, and furnishing type inferred using domain assumptions. Price trend is a proxy, not historical time-series.",RY_70 + SAFETY_20 + FLOOD_10,FINAL_FROZEN,Large,1300,True,305.0,3.05
c8c37b44-2a60-4b61-8f97-116a096ec93d,Bangalore,Channapatna,6300000.0,14450.0,2.752380952,Medium,40.6,Rental Yield Driven,34.7,8.7,7.47,0-5 years,2,Semi-Furnished,0.714,28358,72.79852595,e43de38eb03351a957c812135f9d131c,"Channapatna, Bangalore","2 BHK Independent House for sale in Channapatna, Bangalore",Karnataka,0.496386289,2.752380952,0.567077368,0.432922632,0.747444283,State,City,Percent (%),100,2025-12-15,"Flood risk applied at state level due to data availability. Property age, BHK, and furnishing type inferred using domain assumptions. Price trend is a proxy, not historical time-series.",RY_70 + SAFETY_20 + FLOOD_10,FINAL_FROZEN,Large,2400,True,63.0,0.63
359ca5d7-ec8b-435f-96f2-09eaed849012,New Delhi,Alaknanda,20000000.0,14450.0,0.867,Low,42.9,Safety Driven,7.1,8.7,1.97,5-10 years,2,Fully-Furnished,0.485,28358,70.832899,0e8db1f07e3afed3e31af5cb34b29a4b,Nilgiri Apartments,"2 BHK Flat for sale in Alaknanda, New Delhi",Delhi,0.100977423,0.867,0.567077368,0.432922632,0.197012577,State,City,Percent (%),100,2025-12-15,"Flood risk applied at state level due to data availability. Property age, BHK, and furnishing type inferred using domain assumptions. Price trend is a proxy, not historical time-series.",RY_70 + SAFETY_20 + FLOOD_10,FINAL_FROZEN,Large,1700,True,200.0,2.0
5173cd3d-59b4-4e36-9d6a-3f170b3b3b3e,Mumbai,Shanti Park,22000000.0,50000.0,2.727272727,Medium,47.6,Rental Yield Driven,34.6,3.1,10.0,5-10 years,2,Semi-Furnished,0.953,54543,62.82136117,0b6e18e3dcc4a9f4bb2dff9774ac6714,Chandraghata Jangid Apartment,"3 BHK Flat for sale in Mira Road East, Mumbai",Maharashtra,0.493632985,2.727272727,0.843681167,0.156318833,1.0,State,City,Percent (%),100,2025-12-15,"Flood risk applied at state level due to data availability. Property age, BHK, and furnishing type inferred using domain assumptions. Price trend is a proxy, not historical time-series.",RY_70 + SAFETY_20 + FLOOD_10,FINAL_FROZEN,Large,1604,True,220.0,2.2
242dbf2d-e4af-4b66-92f9-2a49292511e0,Pune,Hinjewadi,16000000.0,14450.0,1.08375,Low,58.5,Safety Driven,10.0,15.3,10.0,5-10 years,2,Semi-Furnished,0.102,17123,62.82136117,01e54766633ee8d15cbc814562ab49fa,Vasant Utsav,"3 BHK Independent House for sale in Hinjewadi, Pune",Maharashtra,0.14248348,1.08375,0.23502891,0.76497109,1.0,State,City,Percent (%),100,2025-12-15,"Flood risk applied at state level due to data availability. Property age, BHK, and furnishing type inferred using domain assumptions. Price trend is a proxy, not historical time-series.",RY_70 + SAFETY_20 + FLOOD_10,FINAL_FROZEN,Large,2100,True,160.0,1.6
ca8d2a11-a4b3-4e51-b4ff-b64e8a3a6fef,New Delhi,Gaytri appartment,2200000.0,14450.0,7.881818182,High,42.9,Rental Yield Driven,62.6,8.7,1.97,0-5 years,2,Fully-Furnished,0.485,28358,70.832899,b7addc7bef94f5c6a465a3619e38241c,"Gaytri appartment ,Bharat Vihar, Madhu Vihar,New Delhi","2 BHK Flat for sale in Madhu Vihar, New Delhi",Delhi,0.893928965,7.881818182,0.567077368,0.432922632,0.197012577,State,City,Percent (%),100,2025-12-15,"Flood risk applied at state level due to data availability. Property age, BHK, and furnishing type inferred using domain assumptions. Price trend is a proxy, not historical time-series.",RY_70 + SAFETY_20 + FLOOD_10,FINAL_FROZEN,Medium,710,True,22.0,0.22
858f6c56-f762-4f81-96e1-8b451a0498f1,Bangalore,Virgonagar Industrial Estate,5000000.0,14450.0,3.468,Medium,40.6,Rental Yield Driven,43.2,8.7,7.47,0-5 years,2,Unfurnished,0.714,28358,72.79852595,d76b2a0a1a725ecdefa40de7deb91449,Anvitha Delight,"3 BHK Flat for sale in Aavalahalli, Bangalore",Karnataka,0.616464758,3.468,0.567077368,0.432922632,0.747444283,State,City,Percent (%),100,2025-12-15,"Flood risk applied at state level due to data availability. Property age, BHK, and furnishing type inferred using domain assumptions. Price trend is a proxy, not historical time-series.",RY_70 + SAFETY_20 + FLOOD_10,FINAL_FROZEN,Large,1405,True,50.0,0.5
e1dd6ddf-9760-41a7-9d6e-5ea23ee2c196,Pune,Kad Nagar,6300000.0,14450.0,2.752380952,Medium,58.5,Rental Yield Driven,34.7,15.3,10.0,0-5 years,2,Semi-Furnished,0.102,17123,62.82136117,dbb3dfc8723c6faf87ff0ac90a8b59f8,Goel Ganga Glitz,"2 BHK Flat for sale in Undri, Pune",Maharashtra,0.496386289,2.752380952,0.23502891,0.76497109,1.0,State,City,Percent (%),100,2025-12-15,"Flood risk applied at state level due to data availability. Property age, BHK, and furnishing type inferred using domain assumptions. Price trend is a proxy, not historical time-series.",RY_70 + SAFETY_20 + FLOOD_10,FINAL_FROZEN,Large,1215,True,63.0,0.63
a1a22225-7d03-49c2-a94a-8703bdab18a2,Pune,Sapphire villa,6500000.0,14450.0,2.667692308,Medium,58.5,Rental Yield Driven,33.4,15.3,10.0,10+ years,2,Unfurnished,0.102,17123,62.82136117,ac121344bd6e9fcac70c803bb1e474ff,"Sapphire villa,Lohegaon, Pune","3.5 BHK Villa for sale in Lohegaon, Pune",Maharashtra,0.477698238,2.667692308,0.23502891,0.76497109,1.0,State,City,Percent (%),100,2025-12-15,"Flood risk applied at state level due to data availability. Property age, BHK, and furnishing type inferred using domain assumptions. Price trend is a proxy, not historical time-series.",RY_70 + SAFETY_20 + FLOOD_10,FINAL_FROZEN,Large,1780,True,65.0,0.65
39af84b9-5279-4023-bd42-b1a96c7be9fc,New Delhi,Gorav Nagar,3200000.0,14450.0,5.41875,High,42.9,Rental Yield Driven,55.7,8.7,1.97,5-10 years,2,Unfurnished,0.485,28358,70.832899,01f3bfd7a88f907cb665a0361dd6bcf9,"Gorav Nagar, Kirari Suleman Nagar,New Delhi","4 BHK Independent House for sale in Kirari Suleman Nagar, New Delhi",Delhi,0.795498348,5.41875,0.567077368,0.432922632,0.197012577,State,City,Percent (%),100,2025-12-15,"Flood risk applied at state level due to data availability. Property age, BHK, and furnishing type inferred using domain assumptions. Price trend is a proxy, not historical time-series.",RY_70 + SAFETY_20 + FLOOD_10,FINAL_FROZEN,Medium,600,True,32.0,0.32
90e219b1-436a-4a8f-8105-bd7f403d0ce5,Bangalore,Kodipalya,6240000.0,14450.0,2.778846154,Medium,40.6,Rental Yield Driven,35.1,8.7,7.47,10+ years,2,Unfurnished,0.714,28358,72.79852595,0bec82c9c6f8c29815d3eb614412703b,"Kodipalya, Bangalore","3 BHK Independent House for sale in Kodipalya, Bangalore",Karnataka,0.501411068,2.778846154,0.567077368,0.432922632,0.747444283,State,City,Percent (%),100,2025-12-15,"Flood risk applied at state level due to data availability. Property age, BHK, and furnishing type inferred using domain assumptions. Price trend is a proxy, not historical time-series.",RY_70 + SAFETY_20 + FLOOD_10,FINAL_FROZEN,Large,5200,True,62.4,0.62
6f48a1ca-a37f-492e-86c9-bf6333fa1411,Pune,Mahadev Nagar,2350000.0,14450.0,7.378723404,High,58.5,Rental Yield Driven,61.7,15.3,10.0,0-5 years,2,Unfurnished,0.102,17123,62.82136117,f3341086f77be25ed4a34525761e19bd,Yuvraj Jijau sankul,"1 BHK Flat for sale in Dhayari, Pune",Maharashtra,0.881539097,7.378723404,0.23502891,0.76497109,1.0,State,City,Percent (%),100,2025-12-15,"Flood risk applied at state level due to data availability. Property age, BHK, and furnishing type inferred using domain assumptions. Price trend is a proxy, not historical time-series.",RY_70 + SAFETY_20 + FLOOD_10,FINAL_FROZEN,Small,500,True,23.5,0.24
6a4c97a7-954e-48c9-85f0-408c01a83368,Bangalore,Rahmath Nagar,3800000.0,14450.0,4.563157895,High,40.6,Rental Yield Driven,51.1,8.7,7.47,10+ years,2,Unfurnished,0.714,28358,72.79852595,b9cc593cd1504f169e4caf2b0da798ef,DS Max Sprint,"2 BHK Flat for sale in R. T. Nagar, Bangalore",Karnataka,0.730245044,4.563157895,0.567077368,0.432922632,0.747444283,State,City,Percent (%),100,2025-12-15,"Flood risk applied at state level due to data availability. Property age, BHK, and furnishing type inferred using domain assumptions. Price trend is a proxy, not historical time-series.",RY_70 + SAFETY_20 + FLOOD_10,FINAL_FROZEN,Medium,950,True,38.0,0.38
e4c34b8d-1675-4892-93f2-02d0651f9215,Bangalore,Anjanapura 5th Block,15000000.0,14450.0,1.156,Low,40.6,Rental Yield Driven,11.1,8.7,7.47,5-10 years,2,Semi-Furnished,0.714,28358,72.79852595,416d7506048d067d388f69e9d9f8c90f,"Anjanapura 5th Block, Anjanapura Township,Bangalore","6 BHK Independent House for sale in Anjanapura Township, Bangalore",Karnataka,0.158659141,1.156,0.567077368,0.432922632,0.747444283,State,City,Percent (%),100,2025-12-15,"Flood risk applied at state level due to data availability. Property age, BHK, and furnishing type inferred using domain assumptions. Price trend is a proxy, not historical time-series.",RY_70 + SAFETY_20 + FLOOD_10,FINAL_FROZEN,Large,3300,True,150.0,1.5
af277215-114b-43d6-865e-d5b6ae91b085,Pune,Sainikwadi,8500000.0,14450.0,2.04,Medium,58.5,Rental Yield Driven,24.2,15.3,10.0,10+ years,2,Unfurnished,0.102,17123,62.82136117,1fff20b58a32a93e480d0332dd60bceb,"Sainikwadi, Wadgaon Sheri,Pune","2 BHK Flat for sale in Wadgaon Sheri, Pune",Maharashtra,0.345711729,2.04,0.23502891,0.76497109,1.0,State,City,Percent (%),100,2025-12-15,"Flood risk applied at state level due to data availability. Property age, BHK, and furnishing type inferred using domain assumptions. Price trend is a proxy, not historical time-series.",RY_70 + SAFETY_20 + FLOOD_10,FINAL_FROZEN,Medium,954,True,85.0,0.85
baa0b979-0777-4851-baa9-5184b03ce2c3,Bangalore,Nagasandra,13000000.0,14450.0,1.333846154,Low,40.6,Rental Yield Driven,13.8,8.7,7.47,0-5 years,2,Semi-Furnished,0.714,28358,72.79852595,e34204d99d33ef6d41fdd49e73b55805,Sobha Garrison,"3 BHK Flat for sale in Nagasandra, Bangalore",Karnataka,0.197308645,1.333846154,0.567077368,0.432922632,0.747444283,State,City,Percent (%),100,2025-12-15,"Flood risk applied at state level due to data availability. Property age, BHK, and furnishing type inferred using domain assumptions. Price trend is a proxy, not historical time-series.",RY_70 + SAFETY_20 + FLOOD_10,FINAL_FROZEN,Large,1680,True,130.0,1.3
0f08a479-8b09-4801-ad1f-98bdcc9f4a88,New Delhi,Tuglakabad extension,2500000.0,14450.0,6.936,High,42.9,Rental Yield Driven,60.4,8.7,1.97,5-10 years,2,Fully-Furnished,0.485,28358,70.832899,a855bcb870d96e932a9b72ebe70e609b,"Tuglakabad extension,Tughlakabad Extension, Tughlakabad,New Delhi","2 BHK Flat for sale in Tughlakabad, New Delhi",Delhi,0.863160793,6.936,0.567077368,0.432922632,0.197012577,State,City,Percent (%),100,2025-12-15,"Flood risk applied at state level due to data availability. Property age, BHK, and furnishing type inferred using domain assumptions. Price trend is a proxy, not historical time-series.",RY_70 + SAFETY_20 + FLOOD_10,FINAL_FROZEN,Medium,1000,True,25.0,0.25
6409ea75-c672-41cb-9c42-154916dfe04d,Chennai,Kanathur Reddikuppam,19900000.0,14000.0,0.844221106,Low,67.8,Rental Yield Driven,6.7,1.1,0.6,5-10 years,2,Fully-Furnished,0.355,58508,72.20217747,47852bb4579ef56785a7b733296c4f00,Casagrand ECR 14,"4 BHK Flat for sale in Kanathur Reddikuppam, Chennai",Tamil Nadu,0.095814978,0.844221106,0.945140419,0.054859581,0.059771337,State,City,Percent (%),100,2025-12-15,"Flood risk applied at state level due to data availability. Property age, BHK, and furnishing type inferred using domain assumptions. Price trend is a proxy, not historical time-series.",RY_70 + SAFETY_20 + FLOOD_10,FINAL_FROZEN,Large,2583,True,199.0,1.99
42f36567-bc3d-4be5-b33c-d52a79f7fb3c,Bangalore,7th Phase,17200000.0,14450.0,1.008139535,Low,40.6,Rental Yield Driven,8.9,8.7,7.47,5-10 years,2,Semi-Furnished,0.714,28358,72.79852595,7e4be57113879a16093f246f736c1f18,Brigade Gardenia,"3 BHK Flat for sale in JP Nagar, Bangalore",Karnataka,0.127374725,1.008139535,0.567077368,0.432922632,0.747444283,State,City,Percent (%),100,2025-12-15,"Flood risk applied at state level due to data availability. Property age, BHK, and furnishing type inferred using domain assumptions. Price trend is a proxy, not historical time-series.",RY_70 + SAFETY_20 + FLOOD_10,FINAL_FROZEN,Large,1630,True,172.0,1.72
7548de28-44ae-4f6b-8312-64bb99b509d0,New Delhi,Badarpur Village,3000000.0,14450.0,5.78,High,42.9,Rental Yield Driven,57.0,8.7,1.97,5-10 years,2,Semi-Furnished,0.485,28358,70.832899,897fe01d70fed73c8f14c0bddcab8c37,"Badarpur Village, Badarpur,New Delhi","1 RK Independent House for sale in Badarpur, New Delhi",Delhi,0.814461729,5.78,0.567077368,0.432922632,0.197012577,State,City,Percent (%),100,2025-12-15,"Flood risk applied at state level due to data availability. Property age, BHK, and furnishing type inferred using domain assumptions. Price trend is a proxy, not historical time-series.",RY_70 + SAFETY_20 + FLOOD_10,FINAL_FROZEN,Compact,150,True,30.0,0.3
33405c77-b928-4c01-8d9e-6f04cc90a460,Bangalore,Kachohalli,6600000.0,8500.0,1.545454545,Low,74.7,Rental Yield Driven,17.0,8.7,7.47,10+ years,2,Semi-Furnished,0.714,28358,72.79852595,bd6b2c49fc82c3ac52627e2719812230,"Kachohalli, Bangalore","3 BHK Independent House for sale in Kachohalli, Bangalore",Karnataka,0.243219989,1.545454545,0.567077368,0.432922632,0.747444283,State,City,Percent (%),100,2025-12-15,"Flood risk applied at state level due to data availability. Property age, BHK, and furnishing type inferred using domain assumptions. Price trend is a proxy, not historical time-series.",RY_70 + SAFETY_20 + FLOOD_10,FINAL_FROZEN,Large,1800,True,66.0,0.66
cb98a15c-260f-415c-888e-1e4e500a9a72,Pune,Matoshree hights,2600000.0,14450.0,6.669230769,High,58.5,Rental Yield Driven,59.6,15.3,10.0,0-5 years,2,Fully-Furnished,0.102,17123,62.82136117,700dd90d20bd32cceb7922dbc8ded1d6,"Matoshree hights,Dighi, Pune","1 BHK Flat for sale in Dighi, Pune",Maharashtra,0.852044328,6.669230769,0.23502891,0.76497109,1.0,State,City,Percent (%),100,2025-12-15,"Flood risk applied at state level due to data availability. Property age, BHK, and furnishing type inferred using domain assumptions. Price trend is a proxy, not historical time-series.",RY_70 + SAFETY_20 + FLOOD_10,FINAL_FROZEN,Small,553,True,26.0,0.26
ea84fca9-0384-4e57-aae8-35b743c00b3a,Bangalore,Sudhama Nagar,10000000.0,14450.0,1.734,Low,40.6,Rental Yield Driven,19.5,8.7,7.47,10+ years,2,Semi-Furnished,0.714,28358,72.79852595,d3a1c456908305ffc4f7fdc3fe48decd,Kaberi Apartment,"2 BHK Flat for sale in Sudhama Nagar, Bangalore",Karnataka,0.27846228,1.734,0.567077368,0.432922632,0.747444283,State,City,Percent (%),100,2025-12-15,"Flood risk applied at state level due to data availability. Property age, BHK, and furnishing type inferred using domain assumptions. Price trend is a proxy, not historical time-series.",RY_70 + SAFETY_20 + FLOOD_10,FINAL_FROZEN,Large,1200,True,100.0,1.0
a0b56335-0cfb-401f-b522-b632ad50f767,Hyderabad,Chengicherla,11800000.0,13815.34091,1.404949923,Low,51.0,Safety Driven,15.2,19.6,0.5,0-5 years,2,Semi-Furnished,0.888,8200,72.30334564,2a376aafe4b247065e443872dc8c789d,"Chengicherla, Hyderabad","4 BHK Independent House for sale in Chengicherla, Hyderabad",Telangana,0.21689152,1.404949923,0.018619218,0.981380782,0.049631365,State,City,Percent (%),100,2025-12-15,"Flood risk applied at state level due to data availability. Property age, BHK, and furnishing type inferred using domain assumptions. Price trend is a proxy, not historical time-series.",RY_70 + SAFETY_20 + FLOOD_10,FINAL_FROZEN,Large,2000,True,118.0,1.18
9f58adca-1d11-409c-b368-da1c724a13ef,New Delhi,builders elegance,4425000.0,14450.0,3.918644068,Medium,42.9,Rental Yield Driven,47.1,8.7,1.97,0-5 years,2,Unfurnished,0.485,28358,70.832899,1dfd3fdcdaf08440c4cd58574402b67e,"builders elegance,Bhogal, Jangpura,New Delhi","2 BHK Flat for sale in Jangpura, New Delhi",Delhi,0.673251652,3.918644068,0.567077368,0.432922632,0.197012577,State,City,Percent (%),100,2025-12-15,"Flood risk applied at state level due to data availability. Property age, BHK, and furnishing type inferred using domain assumptions. Price trend is a proxy, not historical time-series.",RY_70 + SAFETY_20 + FLOOD_10,FINAL_FROZEN,Small,552,True,44.25,0.44
3d89fd34-7a3b-4fc9-b0c6-fd6657224ca0,Mumbai,Tirumala Habitats,47500000.0,50000.0,1.263157895,Low,47.6,Rental Yield Driven,12.8,3.1,10.0,5-10 years,2,Fully-Furnished,0.953,54543,62.82136117,540ec90038860ebcd372172b9fe7b277,"Tirumala Habitats,P&T Staff Colony, Mulund West,Mumbai","4 BHK Flat for sale in Mulund West, Mumbai",Maharashtra,0.18312913,1.263157895,0.843681167,0.156318833,1.0,State,City,Percent (%),100,2025-12-15,"Flood risk applied at state level due to data availability. Property age, BHK, and furnishing type inferred using domain assumptions. Price trend is a proxy, not historical time-series.",RY_70 + SAFETY_20 + FLOOD_10,FINAL_FROZEN,Large,2825,True,475.0,4.75
22cebea1-2e2b-4d73-973b-f8ff8bdff36b,Pune,Hadapsar,6300000.0,14450.0,2.752380952,Medium,58.5,Rental Yield Driven,34.7,15.3,10.0,5-10 years,2,Semi-Furnished,0.102,17123,62.82136117,35a783b64dfea247118bb9fb8fee1abe,Nandini Bellus,"2 BHK Flat for sale in Hadapsar, Pune",Maharashtra,0.496386289,2.752380952,0.23502891,0.76497109,1.0,State,City,Percent (%),100,2025-12-15,"Flood risk applied at state level due to data availability. Property age, BHK, and furnishing type inferred using domain assumptions. Price trend is a proxy, not historical time-series.",RY_70 + SAFETY_20 + FLOOD_10,FINAL_FROZEN,Medium,900,True,63.0,0.63
468afc7d-33e9-4c81-8b84-5b5fea6da75b,Kolkata,Parnasree,4000000.0,8500.0,2.55,Medium,58.2,Rental Yield Driven,32.0,18.3,7.47,0-5 years,2,Fully-Furnished,0.252,14492,65.34115118,e7210d398ab806b5c1ceab1895bae2f8,"Parnasree, Behala,Kolkata","2 BHK Flat for sale in Behala, Kolkata",West Bengal,0.457427037,2.55,0.085111509,0.914888491,0.747444283,State,City,Percent (%),100,2025-12-15,"Flood risk applied at state level due to data availability. Property age, BHK, and furnishing type inferred using domain assumptions. Price trend is a proxy, not historical time-series.",RY_70 + SAFETY_20 + FLOOD_10,FINAL_FROZEN,Medium,700,True,40.0,0.4
38814672-d32a-4151-9a95-c5dd6311685e,Bangalore,Vakil Garden City,5500000.0,14450.0,3.152727273,Medium,40.6,Rental Yield Driven,40.0,8.7,7.47,5-10 years,2,Unfurnished,0.714,28358,72.79852595,c7b95136c20948938f6daa0fc1d00382,Puravankara Purva Highlands,"2 BHK Flat for sale in Vakil Garden City, Bangalore",Karnataka,0.570863161,3.152727273,0.567077368,0.432922632,0.747444283,State,City,Percent (%),100,2025-12-15,"Flood risk applied at state level due to data availability. Property age, BHK, and furnishing type inferred using domain assumptions. Price trend is a proxy, not historical time-series.",RY_70 + SAFETY_20 + FLOOD_10,FINAL_FROZEN,Medium,1160,True,55.0,0.55
a03cd819-a9b2-4aad-b9b1-d0d909266085,New Delhi,Uttam nagar west,3600000.0,14450.0,4.816666667,High,42.9,Rental Yield Driven,52.5,8.7,1.97,10+ years,2,Semi-Furnished,0.485,28358,70.832899,2b3f096620a48a7ff59d5f52c56fe593,"Uttam nagar west, Uttam Nagar,New Delhi","2 BHK Flat for sale in Uttam Nagar, New Delhi",Delhi,0.749518172,4.816666667,0.567077368,0.432922632,0.197012577,State,City,Percent (%),100,2025-12-15,"Flood risk applied at state level due to data availability. Property age, BHK, and furnishing type inferred using domain assumptions. Price trend is a proxy, not historical time-series.",RY_70 + SAFETY_20 + FLOOD_10,FINAL_FROZEN,Medium,650,True,36.0,0.36
bee44398-29fa-4136-91b7-fa5794c36a35,Kolkata,Hatiara,5800000.0,8500.0,1.75862069,Low,58.2,Rental Yield Driven,20.0,18.3,7.47,10+ years,1,Unfurnished,0.252,14492,65.34115118,706d24767d63588d0f9549a9a9d1cb31,Clubtown Courtyard,"2 BHK Flat for sale in Rajarhat, Kolkata",West Bengal,0.285379956,1.75862069,0.085111509,0.914888491,0.747444283,State,City,Percent (%),100,2025-12-15,"Flood risk applied at state level due to data availability. Property age, BHK, and furnishing type inferred using domain assumptions. Price trend is a proxy, not historical time-series.",RY_70 + SAFETY_20 + FLOOD_10,FINAL_FROZEN,Medium,1164,True,58.0,0.58
904bba73-6c05-4300-8dbc-86ee3a64f051,Bangalore,Kalena Agrahara,3000000.0,14450.0,5.78,High,40.6,Rental Yield Driven,57.0,8.7,7.47,10+ years,2,Unfurnished,0.714,28358,72.79852595,1654cdbcfa74fb1875fc2f75e02af188,VR Terrace,"2 BHK Flat for sale in Kalena Agrahara, Bangalore",Karnataka,0.814461729,5.78,0.567077368,0.432922632,0.747444283,State,City,Percent (%),100,2025-12-15,"Flood risk applied at state level due to data availability. Property age, BHK, and furnishing type inferred using domain assumptions. Price trend is a proxy, not historical time-series.",RY_70 + SAFETY_20 + FLOOD_10,FINAL_FROZEN,Medium,1110,True,30.0,0.3
7db4aa26-9424-4569-ad7c-32f2dc79ad74,Bangalore,Apartments,6900000.0,14450.0,2.513043478,Medium,40.6,Rental Yield Driven,31.6,8.7,7.47,0-5 years,2,Unfurnished,0.714,28358,72.79852595,88ce6d6fe6d8310a33e92c5667bbf349,"Apartments ,Teachers Colony, Chandapura,Bangalore","3 BHK Flat for sale in Chandapura, Bangalore",Karnataka,0.45192043,2.513043478,0.567077368,0.432922632,0.747444283,State,City,Percent (%),100,2025-12-15,"Flood risk applied at state level due to data availability. Property age, BHK, and furnishing type inferred using domain assumptions. Price trend is a proxy, not historical time-series.",RY_70 + SAFETY_20 + FLOOD_10,FINAL_FROZEN,Large,1335,True,69.0,0.69
0acaf79c-8329-4339-a8b2-2a67ee391b4e,Kolkata,Vivekananda Nagar,6600000.0,8500.0,1.545454545,Low,58.2,Safety Driven,17.0,18.3,7.47,5-10 years,2,Fully-Furnished,0.252,14492,65.34115118,660740cc53cf4de8b6c6d36054b12f75,Srijani Apartment,"3 BHK Flat for sale in Ashok Nagar, Kolkata",West Bengal,0.243219989,1.545454545,0.085111509,0.914888491,0.747444283,State,City,Percent (%),100,2025-12-15,"Flood risk applied at state level due to data availability. Property age, BHK, and furnishing type inferred using domain assumptions. Price trend is a proxy, not historical time-series.",RY_70 + SAFETY_20 + FLOOD_10,FINAL_FROZEN,Medium,1125,True,66.0,0.66
a3d8ad33-6b9b-4117-9908-b407d12d5ce4,Bangalore,Kaggalipura,3700000.0,14450.0,4.686486486,High,40.6,Rental Yield Driven,51.9,8.7,7.47,0-5 years,2,Semi-Furnished,0.714,28358,72.79852595,f48731fec04b889fc3c156509c73662b,Brigade Plumeria Lifestyle At Brigade Meadows,"1 BHK Flat for sale in Kaggalipura, Bangalore",Karnataka,0.740914097,4.686486486,0.567077368,0.432922632,0.747444283,State,City,Percent (%),100,2025-12-15,"Flood risk applied at state level due to data availability. Property age, BHK, and furnishing type inferred using domain assumptions. Price trend is a proxy, not historical time-series.",RY_70 + SAFETY_20 + FLOOD_10,FINAL_FROZEN,Medium,850,True,37.0,0.37
b8dcc020-073d-448b-8ff1-30d68b115e85,New Delhi,Sector D,9750000.0,14450.0,1.778461538,Low,42.9,Rental Yield Driven,20.2,8.7,1.97,0-5 years,2,Unfurnished,0.485,28358,70.832899,008fa52c9181a1472c63ee61336ae695,"Sector D, Vasant Kunj,New Delhi","6 BHK Independent House for sale in Vasant Kunj, New Delhi",Delhi,0.289028084,1.778461538,0.567077368,0.432922632,0.197012577,State,City,Percent (%),100,2025-12-15,"Flood risk applied at state level due to data availability. Property age, BHK, and furnishing type inferred using domain assumptions. Price trend is a proxy, not historical time-series.",RY_70 + SAFETY_20 + FLOOD_10,FINAL_FROZEN,Medium,600,True,97.5,0.98
e67eccb7-cb9e-403f-91f9-0d1e67dac96d,Bangalore,Apartments,5700000.0,14450.0,3.042105263,Medium,40.6,Rental Yield Driven,38.8,8.7,7.47,5-10 years,2,Semi-Furnished,0.714,28358,72.79852595,88ce6d6fe6d8310a33e92c5667bbf349,"Apartments ,Teachers Colony, Chandapura,Bangalore","2 BHK Flat for sale in Chandapura, Bangalore",Karnataka,0.554308921,3.042105263,0.567077368,0.432922632,0.747444283,State,City,Percent (%),100,2025-12-15,"Flood risk applied at state level due to data availability. Property age, BHK, and furnishing type inferred using domain assumptions. Price trend is a proxy, not historical time-series.",RY_70 + SAFETY_20 + FLOOD_10,FINAL_FROZEN,Medium,1109,True,57.0,0.57
aea978a8-c24d-46ff-a25d-c2152d2c21d3,Mumbai,Prithvi Pride,8000000.0,50000.0,7.5,High,47.6,Rental Yield Driven,61.8,3.1,10.0,5-10 years,2,Semi-Furnished,0.953,54543,62.82136117,94f2fea5ea67516f1f384867e5c57213,"Prithvi Pride,Mira Road West, Mumbai","1 BHK Flat for sale in Mira Road West, Mumbai",Maharashtra,0.883294328,7.5,0.843681167,0.156318833,1.0,State,City,Percent (%),100,2025-12-15,"Flood risk applied at state level due to data availability. Property age, BHK, and furnishing type inferred using domain assumptions. Price trend is a proxy, not historical time-series.",RY_70 + SAFETY_20 + FLOOD_10,FINAL_FROZEN,Small,470,True,80.0,0.8
b79366e3-6337-4f6e-ad87-94b80cd58cd8,New Delhi,Sector 9 Rohini,10900000.0,14450.0,1.590825688,Low,42.9,Rental Yield Driven,18.0,8.7,1.97,10+ years,2,Fully-Furnished,0.485,28358,70.832899,57383cb1f8ace80b6f596136c9805151,Vidya Vihar,"3 BHK Flat for sale in Sector 9 Rohini, New Delhi",Delhi,0.256848844,1.590825688,0.567077368,0.432922632,0.197012577,State,City,Percent (%),100,2025-12-15,"Flood risk applied at state level due to data availability. Property age, BHK, and furnishing type inferred using domain assumptions. Price trend is a proxy, not historical time-series.",RY_70 + SAFETY_20 + FLOOD_10,FINAL_FROZEN,Medium,950,True,109.0,1.09
bdc35d9c-3312-4312-8075-0a5391eba1f5,Bangalore,Rajanukunte,4950000.0,14450.0,3.503030303,Medium,40.6,Rental Yield Driven,43.7,8.7,7.47,5-10 years,2,Semi-Furnished,0.714,28358,72.79852595,d100785c68f324dc54015f213ee0e806,"Rajanukunte, Bangalore","2 BHK Villa for sale in Rajanukunte, Bangalore",Karnataka,0.624621421,3.503030303,0.567077368,0.432922632,0.747444283,State,City,Percent (%),100,2025-12-15,"Flood risk applied at state level due to data availability. Property age, BHK, and furnishing type inferred using domain assumptions. Price trend is a proxy, not historical time-series.",RY_70 + SAFETY_20 + FLOOD_10,FINAL_FROZEN,Large,1200,True,49.5,0.5
d3bfb337-cc06-49bd-b440-bda4d86a99ae,Chennai,Kalyanapuram,6500000.0,13400.0,2.473846154,Medium,34.5,Rental Yield Driven,30.4,1.1,0.6,5-10 years,2,Unfurnished,0.355,58508,72.20217747,d12fe28c43d4080de4e439d1ef55f434,Krishna Apartment,"2 BHK Flat for sale in Ambattur, Chennai",Tamil Nadu,0.433610958,2.473846154,0.945140419,0.054859581,0.059771337,State,City,Percent (%),100,2025-12-15,"Flood risk applied at state level due to data availability. Property age, BHK, and furnishing type inferred using domain assumptions. Price trend is a proxy, not historical time-series.",RY_70 + SAFETY_20 + FLOOD_10,FINAL_FROZEN,Medium,840,True,65.0,0.65
f5e629ec-fa0c-40b8-9f97-dad3d69acd26,New Delhi,Manglapuri,7500000.0,14450.0,2.312,Medium,42.9,Rental Yield Driven,28.6,8.7,1.97,0-5 years,2,Unfurnished,0.485,28358,70.832899,6d5ddfa4e2489d697b2dbf739a159cd3,"Manglapuri, New Delhi","2 BHK Independent House for sale in Manglapuri, New Delhi",Delhi,0.408418227,2.312,0.567077368,0.432922632,0.197012577,State,City,Percent (%),100,2025-12-15,"Flood risk applied at state level due to data availability. Property age, BHK, and furnishing type inferred using domain assumptions. Price trend is a proxy, not historical time-series.",RY_70 + SAFETY_20 + FLOOD_10,FINAL_FROZEN,Medium,1000,True,75.0,0.75
d02f94d3-c4dd-43f3-98fa-e862cb55f59d,New Delhi,Sector 2 Dwarka,40000000.0,14450.0,0.4335,Low,42.9,Safety Driven,2.1,8.7,1.97,5-10 years,2,Fully-Furnished,0.485,28358,70.832899,892610577e5be1ed949b75f540b53a33,CGHS Celestial Heights,"4 BHK Flat for sale in Sector 2 Dwarka, New Delhi",Delhi,0.03032076,0.4335,0.567077368,0.432922632,0.197012577,State,City,Percent (%),100,2025-12-15,"Flood risk applied at state level due to data availability. Property age, BHK, and furnishing type inferred using domain assumptions. Price trend is a proxy, not historical time-series.",RY_70 + SAFETY_20 + FLOOD_10,FINAL_FROZEN,Large,4000,True,400.0,4.0
079c0a4b-18c0-44ad-bd5e-dfc256c19e6e,Pune,Ketakiban,4500000.0,14450.0,3.853333333,Medium,58.5,Rental Yield Driven,46.4,15.3,10.0,10+ years,2,Unfurnished,0.102,17123,62.82136117,f2c0c9e5f33cdb0b9e15ea7581e81ee1,"Ketakiban,Parvati Industrial Estate, Parvati Darshan,Pune","1 BHK Flat for sale in Parvati Darshan, Pune",Maharashtra,0.663339758,3.853333333,0.23502891,0.76497109,1.0,State,City,Percent (%),100,2025-12-15,"Flood risk applied at state level due to data availability. Property age, BHK, and furnishing type inferred using domain assumptions. Price trend is a proxy, not historical time-series.",RY_70 + SAFETY_20 + FLOOD_10,FINAL_FROZEN,Small,530,True,45.0,0.45
d51c74f1-7651-400b-8b76-34e5a0ffd3ea,Chennai,Indian Flats,8900000.0,13400.0,1.806741573,Low,34.5,Rental Yield Driven,20.5,1.1,0.6,5-10 years,2,Unfurnished,0.355,58508,72.20217747,326d7595a75b7f51ba81757ba245c412,"Indian Flats,Tiru Vi Ka Nagar, Perambur,Chennai","3 BHK Flat for sale in Perambur, Chennai",Tamil Nadu,0.292366465,1.806741573,0.945140419,0.054859581,0.059771337,State,City,Percent (%),100,2025-12-15,"Flood risk applied at state level due to data availability. Property age, BHK, and furnishing type inferred using domain assumptions. Price trend is a proxy, not historical time-series.",RY_70 + SAFETY_20 + FLOOD_10,FINAL_FROZEN,Large,1201,True,89.0,0.89
509c02f8-1f8a-4844-ac26-a8c4ff9939d3,Kolkata,Jatindas Nagar,2700000.0,8500.0,3.777777778,Medium,58.2,Rental Yield Driven,45.7,18.3,7.47,10+ years,2,Semi-Furnished,0.252,14492,65.34115118,c6ba5b8baefaa037e68e00e7b7c79da9,Titas Apartment,"2 BHK Flat for sale in Belghoria, Kolkata",West Bengal,0.65253304,3.777777778,0.085111509,0.914888491,0.747444283,State,City,Percent (%),100,2025-12-15,"Flood risk applied at state level due to data availability. Property age, BHK, and furnishing type inferred using domain assumptions. Price trend is a proxy, not historical time-series.",RY_70 + SAFETY_20 + FLOOD_10,FINAL_FROZEN,Medium,720,True,27.0,0.27
dadc17ef-0dfd-4bbc-ad66-037cb74824da,Pune,Fatima Nagar,9500000.0,14450.0,1.825263158,Low,58.5,Rental Yield Driven,20.9,15.3,10.0,10+ years,2,Unfurnished,0.102,17123,62.82136117,926e51c7c8990857942ee6717238d006,"Fatima Nagar, Wanowrie,Pune","3 BHK Flat for sale in Wanowrie, Pune",Maharashtra,0.298010738,1.825263158,0.23502891,0.76497109,1.0,State,City,Percent (%),100,2025-12-15,"Flood risk applied at state level due to data availability. Property age, BHK, and furnishing type inferred using domain assumptions. Price trend is a proxy, not historical time-series.",RY_70 + SAFETY_20 + FLOOD_10,FINAL_FROZEN,Large,1700,True,95.0,0.95
0f78c32e-ae82-403c-a777-4e196d694f27,Bangalore,R.K. Hegde Nagar,8500000.0,14450.0,2.04,Medium,40.6,Rental Yield Driven,24.2,8.7,7.47,5-10 years,2,Unfurnished,0.714,28358,72.79852595,07b3ea644e9735c11052a4003c8cc576,"R.K. Hegde Nagar, Bangalore","1 RK Independent House for sale in R.K. Hegde Nagar, Bangalore",Karnataka,0.345711729,2.04,0.567077368,0.432922632,0.747444283,State,City,Percent (%),100,2025-12-15,"Flood risk applied at state level due to data availability. Property age, BHK, and furnishing type inferred using domain assumptions. Price trend is a proxy, not historical time-series.",RY_70 + SAFETY_20 + FLOOD_10,FINAL_FROZEN,Large,8000,True,85.0,0.85
14e0e6e7-6927-42da-8d09-03b59e79e6b5,Chennai,Kanchipuram,2500000.0,13400.0,6.432,High,34.5,Rental Yield Driven,59.3,1.1,0.6,5-10 years,2,Unfurnished,0.355,58508,72.20217747,c29239dcb7162199e49a2dd704672b6b,Amarprakash Temple Waves,"1.5 BHK Flat for sale in Kanchipuram, Chennai",Tamil Nadu,0.846675385,6.432,0.945140419,0.054859581,0.059771337,State,City,Percent (%),100,2025-12-15,"Flood risk applied at state level due to data availability. Property age, BHK, and furnishing type inferred using domain assumptions. Price trend is a proxy, not historical time-series.",RY_70 + SAFETY_20 + FLOOD_10,FINAL_FROZEN,Medium,606,True,25.0,0.25
bacaf954-3db3-4990-b350-a68c1160bf2d,New Delhi,Sector 31 Rohini,3000000.0,14450.0,5.78,High,42.9,Rental Yield Driven,57.0,8.7,1.97,0-5 years,2,Fully-Furnished,0.485,28358,70.832899,89880121b999802366a1449c31bf6cb9,"Sector 31 Rohini, New Delhi","3 BHK Independent House for sale in Sector 31 Rohini, New Delhi",Delhi,0.814461729,5.78,0.567077368,0.432922632,0.197012577,State,City,Percent (%),100,2025-12-15,"Flood risk applied at state level due to data availability. Property age, BHK, and furnishing type inferred using domain assumptions. Price trend is a proxy, not historical time-series.",RY_70 + SAFETY_20 + FLOOD_10,FINAL_FROZEN,Large,1350,True,30.0,0.3
8185568d-064a-4efc-85ca-d78c1539f3c1,Chennai,Iyyapa Nagar,5400000.0,13400.0,2.977777778,Medium,34.5,Rental Yield Driven,37.9,1.1,0.6,0-5 years,2,Fully-Furnished,0.355,58508,72.20217747,57edd243cc443f8924edf4a5b64c8100,"Iyyapa Nagar, Chennai","3 BHK Independent House for sale in Iyyapa Nagar, Chennai",Tamil Nadu,0.54157489,2.977777778,0.945140419,0.054859581,0.059771337,State,City,Percent (%),100,2025-12-15,"Flood risk applied at state level due to data availability. Property age, BHK, and furnishing type inferred using domain assumptions. Price trend is a proxy, not historical time-series.",RY_70 + SAFETY_20 + FLOOD_10,FINAL_FROZEN,Large,1200,True,54.0,0.54
6ef21b4f-228d-473d-882e-76897f53b0e6,Chennai,Kannan Colony,7330000.0,13400.0,2.19372442,Medium,34.5,Rental Yield Driven,26.6,1.1,0.6,5-10 years,2,Semi-Furnished,0.355,58508,72.20217747,dfe063c614ef72d6155b1910d6a92684,Casagrand Bellissimo,"2 BHK Flat for sale in Pazhavanthangal, Chennai",Tamil Nadu,0.379302037,2.19372442,0.945140419,0.054859581,0.059771337,State,City,Percent (%),100,2025-12-15,"Flood risk applied at state level due to data availability. Property age, BHK, and furnishing type inferred using domain assumptions. Price trend is a proxy, not historical time-series.",RY_70 + SAFETY_20 + FLOOD_10,FINAL_FROZEN,Small,595,True,73.3,0.73
5aacedd4-0990-47db-837b-d4e274740e1c,Pune,Lokmanya Colony,7500000.0,14450.0,2.312,Medium,58.5,Rental Yield Driven,28.6,15.3,10.0,5-10 years,2,Semi-Furnished,0.102,17123,62.82136117,db78cf3092bf7b666f242468404993b0,"Lokmanya Colony, Kothrud,Pune","1 RK Flat for sale in Kothrud, Pune",Maharashtra,0.408418227,2.312,0.23502891,0.76497109,1.0,State,City,Percent (%),100,2025-12-15,"Flood risk applied at state level due to data availability. Property age, BHK, and furnishing type inferred using domain assumptions. Price trend is a proxy, not historical time-series.",RY_70 + SAFETY_20 + FLOOD_10,FINAL_FROZEN,Medium,720,True,75.0,0.75
a80d9f8b-2de7-4061-9b27-bd42ae9c856d,Pune,Rohit park building kalewadi,2000000.0,14450.0,8.67,High,58.5,Rental Yield Driven,63.9,15.3,10.0,0-5 years,2,Semi-Furnished,0.102,17123,62.82136117,29b31e1f673ebb90f5efa155ce772731,"Rohit park building kalewadi,Nandadeep Colony, Kalewadi,Pune","1 RK Flat for sale in Kalewadi, Pune",Maharashtra,0.91247935,8.67,0.23502891,0.76497109,1.0,State,City,Percent (%),100,2025-12-15,"Flood risk applied at state level due to data availability. Property age, BHK, and furnishing type inferred using domain assumptions. Price trend is a proxy, not historical time-series.",RY_70 + SAFETY_20 + FLOOD_10,FINAL_FROZEN,Small,407,True,20.0,0.2
cea1a162-bd62-4497-912e-0d298fb59277,Bangalore,Chamundi Nagar,7500000.0,14450.0,2.312,Medium,40.6,Rental Yield Driven,28.6,8.7,7.47,5-10 years,2,Fully-Furnished,0.714,28358,72.79852595,de36a1e2c3da9f63e1b53bad89d6b644,Soorya Signature by Soorya Homes,"2 BHK Flat for sale in Hebbal, Bangalore",Karnataka,0.408418227,2.312,0.567077368,0.432922632,0.747444283,State,City,Percent (%),100,2025-12-15,"Flood risk applied at state level due to data availability. Property age, BHK, and furnishing type inferred using domain assumptions. Price trend is a proxy, not historical time-series.",RY_70 + SAFETY_20 + FLOOD_10,FINAL_FROZEN,Large,1628,True,75.0,0.75
db547db8-9483-4d84-be54-41537fd0096d,Pune,Aryan Cooperative Housing Society,2600000.0,14450.0,6.669230769,High,58.5,Rental Yield Driven,59.6,15.3,10.0,0-5 years,2,Unfurnished,0.102,17123,62.82136117,ca522051644734531158c6d1edcc3b43,"Aryan Cooperative Housing Society,Shivane, Pune","1 RK Flat for sale in Shivane, Pune",Maharashtra,0.852044328,6.669230769,0.23502891,0.76497109,1.0,State,City,Percent (%),100,2025-12-15,"Flood risk applied at state level due to data availability. Property age, BHK, and furnishing type inferred using domain assumptions. Price trend is a proxy, not historical time-series.",RY_70 + SAFETY_20 + FLOOD_10,FINAL_FROZEN,Small,555,True,26.0,0.26
066687b2-ce7c-4668-9cb7-4154e3dbdf97,Bangalore,Bhuvaneshwari Nagar,20000000.0,14450.0,0.867,Low,40.6,Safety Driven,7.1,8.7,7.47,0-5 years,2,Unfurnished,0.714,28358,72.79852595,4f62243c2bbff24fe7ae6c09b2ae553b,"Bhuvaneshwari Nagar, Hebbal Kempapura,Bangalore","4 BHK Independent House for sale in Hebbal Kempapura, Bangalore",Karnataka,0.100977423,0.867,0.567077368,0.432922632,0.747444283,State,City,Percent (%),100,2025-12-15,"Flood risk applied at state level due to data availability. Property age, BHK, and furnishing type inferred using domain assumptions. Price trend is a proxy, not historical time-series.",RY_70 + SAFETY_20 + FLOOD_10,FINAL_FROZEN,Large,1300,True,200.0,2.0
1268fd28-f67e-489a-a3eb-f2448055431f,Mumbai,Khan Estate,18000000.0,50000.0,3.333333333,Medium,47.6,Rental Yield Driven,41.5,3.1,10.0,0-5 years,2,Unfurnished,0.953,54543,62.82136117,af7e9a6700b00e9aa3f69f6e8859fab8,Malkani Towers CHS,"2 BHK Flat for sale in Jogeshwari West, Mumbai",Maharashtra,0.592201267,3.333333333,0.843681167,0.156318833,1.0,State,City,Percent (%),100,2025-12-15,"Flood risk applied at state level due to data availability. Property age, BHK, and furnishing type inferred using domain assumptions. Price trend is a proxy, not historical time-series.",RY_70 + SAFETY_20 + FLOOD_10,FINAL_FROZEN,Medium,925,True,180.0,1.8
c2e1eeb8-c8ea-4f5b-9371-daaa649ab8c9,New Delhi,Dharampura,4500000.0,14450.0,3.853333333,Medium,42.9,Rental Yield Driven,46.4,8.7,1.97,10+ years,2,Unfurnished,0.485,28358,70.832899,b7dd9b7d5ec98b1e66aa09ce3c79cfcc,"Dharampura, Najafgarh,New Delhi","3 BHK Independent House for sale in Najafgarh, New Delhi",Delhi,0.663339758,3.853333333,0.567077368,0.432922632,0.197012577,State,City,Percent (%),100,2025-12-15,"Flood risk applied at state level due to data availability. Property age, BHK, and furnishing type inferred using domain assumptions. Price trend is a proxy, not historical time-series.",RY_70 + SAFETY_20 + FLOOD_10,FINAL_FROZEN,Medium,675,True,45.0,0.45
a1ebad6a-f98f-482d-8f45-5632c79bb220,Bangalore,Kalkere,23000000.0,15000.0,0.782608696,Low,73.8,Safety Driven,6.0,8.7,7.47,0-5 years,2,Unfurnished,0.714,28358,72.79852595,b95818f7f7e40d1a030ac9aac6bbf3ed,Riches Residency,"5 BHK Villa for sale in Kalkere, Bangalore",Karnataka,0.086247247,0.782608696,0.567077368,0.432922632,0.747444283,State,City,Percent (%),100,2025-12-15,"Flood risk applied at state level due to data availability. Property age, BHK, and furnishing type inferred using domain assumptions. Price trend is a proxy, not historical time-series.",RY_70 + SAFETY_20 + FLOOD_10,FINAL_FROZEN,Large,4700,True,230.0,2.3
7cd3b853-fc72-415b-85f3-184c7ff32af5,Bangalore,Seeghehalli,10500000.0,14450.0,1.651428571,Low,40.6,Rental Yield Driven,18.5,8.7,7.47,10+ years,2,Fully-Furnished,0.714,28358,72.79852595,dbfaa05961caae5ed463c1e46f0b1e36,"Seeghehalli, Krishnarajapura,Bangalore","3 BHK Independent House for sale in Krishnarajapura, Bangalore",Karnataka,0.264833425,1.651428571,0.567077368,0.432922632,0.747444283,State,City,Percent (%),100,2025-12-15,"Flood risk applied at state level due to data availability. Property age, BHK, and furnishing type inferred using domain assumptions. Price trend is a proxy, not historical time-series.",RY_70 + SAFETY_20 + FLOOD_10,FINAL_FROZEN,Large,2300,True,105.0,1.05
a05d347b-8257-47df-8925-3e240b198d4d,Bangalore,Oil Mill Road,32500000.0,14450.0,0.533538462,Low,40.6,Safety Driven,3.1,8.7,7.47,5-10 years,2,Unfurnished,0.714,28358,72.79852595,2f759d23e5930575a896648cede22aaf,"Oil Mill Road ,Kacharakanahalli, Bangalore","10 BHK Independent House for sale in Kacharakanahalli, Bangalore",Karnataka,0.044052863,0.533538462,0.567077368,0.432922632,0.747444283,State,City,Percent (%),100,2025-12-15,"Flood risk applied at state level due to data availability. Property age, BHK, and furnishing type inferred using domain assumptions. Price trend is a proxy, not historical time-series.",RY_70 + SAFETY_20 + FLOOD_10,FINAL_FROZEN,Large,1400,True,325.0,3.25
ff96692f-14cc-4146-ab61-576b7197f7c8,Bangalore,Hampapura,15500000.0,14450.0,1.118709677,Low,40.6,Rental Yield Driven,10.5,8.7,7.47,5-10 years,2,Fully-Furnished,0.714,28358,72.79852595,077d38d9700bd216d13bf8d4708d5980,Sobha Lake Garden by Sobha Limited,"3 BHK Flat for sale in Hampapura, Bangalore",Karnataka,0.149710903,1.118709677,0.567077368,0.432922632,0.747444283,State,City,Percent (%),100,2025-12-15,"Flood risk applied at state level due to data availability. Property age, BHK, and furnishing type inferred using domain assumptions. Price trend is a proxy, not historical time-series.",RY_70 + SAFETY_20 + FLOOD_10,FINAL_FROZEN,Large,1765,True,155.0,1.55
b3b59469-40ff-4624-936b-095cc5300ff9,Mumbai,Kalash society,4000000.0,50000.0,15.0,High,47.6,Rental Yield Driven,68.0,3.1,10.0,0-5 years,2,Semi-Furnished,0.953,54543,62.82136117,6bb57eefa75c9a36a2b79fc951df18b1,"Kalash society,Vasant Nagari, Vasai East,Mumbai","1 BHK Flat for sale in Vasai East, Mumbai",Maharashtra,0.972053965,15.0,0.843681167,0.156318833,1.0,State,City,Percent (%),100,2025-12-15,"Flood risk applied at state level due to data availability. Property age, BHK, and furnishing type inferred using domain assumptions. Price trend is a proxy, not historical time-series.",RY_70 + SAFETY_20 + FLOOD_10,FINAL_FROZEN,Medium,715,True,40.0,0.4
e38fecdc-2cdb-426e-a784-342a6f1d6394,Pune,Sara City,2200000.0,14450.0,7.881818182,High,58.5,Rental Yield Driven,62.6,15.3,10.0,10+ years,2,Semi-Furnished,0.102,17123,62.82136117,24018142b9c543389f85fcfd625209c9,"Sara City,Chakan, Pune","1 BHK Flat for sale in Chakan, Pune",Maharashtra,0.893928965,7.881818182,0.23502891,0.76497109,1.0,State,City,Percent (%),100,2025-12-15,"Flood risk applied at state level due to data availability. Property age, BHK, and furnishing type inferred using domain assumptions. Price trend is a proxy, not historical time-series.",RY_70 + SAFETY_20 + FLOOD_10,FINAL_FROZEN,Small,595,True,22.0,0.22
9242902b-a629-4881-826a-c4137ca82c4c,Mumbai,Tilak Nagar,15000000.0,50000.0,4.0,High,47.6,Rental Yield Driven,47.5,3.1,10.0,0-5 years,2,Fully-Furnished,0.953,54543,62.82136117,341da9014758f25b6ef730f22f325548,"Tilak Nagar, Goregaon West,Mumbai","2 BHK Flat for sale in Goregaon West, Mumbai",Maharashtra,0.67848293,4.0,0.843681167,0.156318833,1.0,State,City,Percent (%),100,2025-12-15,"Flood risk applied at state level due to data availability. Property age, BHK, and furnishing type inferred using domain assumptions. Price trend is a proxy, not historical time-series.",RY_70 + SAFETY_20 + FLOOD_10,FINAL_FROZEN,Medium,1000,True,150.0,1.5
e355ae9d-c816-4334-975d-637d948f44f7,Pune,Ambegaon,17000000.0,14450.0,1.02,Low,58.5,Safety Driven,9.1,15.3,10.0,0-5 years,2,Fully-Furnished,0.102,17123,62.82136117,3a12b1ae218fccffef8a21b92dc99fc8,"Ambegaon, Pune","3 BHK Independent House for sale in Ambegaon, Pune",Maharashtra,0.130609857,1.02,0.23502891,0.76497109,1.0,State,City,Percent (%),100,2025-12-15,"Flood risk applied at state level due to data availability. Property age, BHK, and furnishing type inferred using domain assumptions. Price trend is a proxy, not historical time-series.",RY_70 + SAFETY_20 + FLOOD_10,FINAL_FROZEN,Large,1300,True,170.0,1.7
8aaa2909-0958-43e9-be04-10aa36cedd6c,New Delhi,Block C,4000000.0,14450.0,4.335,High,42.9,Rental Yield Driven,49.8,8.7,1.97,5-10 years,2,Fully-Furnished,0.485,28358,70.832899,3ed5fabc4b8d2685334c707b0625c869,"Block C, Adarsh Nagar,New Delhi","8 BHK Independent House for sale in Adarsh Nagar, New Delhi",Delhi,0.711143998,4.335,0.567077368,0.432922632,0.197012577,State,City,Percent (%),100,2025-12-15,"Flood risk applied at state level due to data availability. Property age, BHK, and furnishing type inferred using domain assumptions. Price trend is a proxy, not historical time-series.",RY_70 + SAFETY_20 + FLOOD_10,FINAL_FROZEN,Large,1350,True,40.0,0.4
8fc43a0e-f584-4e50-996f-1ab0914e802a,Pune,Wakhari,4800000.0,14450.0,3.6125,Medium,58.5,Rental Yield Driven,44.6,15.3,10.0,5-10 years,2,Fully-Furnished,0.102,17123,62.82136117,0e83aceb0c8fdc72b28f7139d920a6c5,Christian Apartment,"2 BHK Flat for sale in Wakhari, Pune",Maharashtra,0.636770374,3.6125,0.23502891,0.76497109,1.0,State,City,Percent (%),100,2025-12-15,"Flood risk applied at state level due to data availability. Property age, BHK, and furnishing type inferred using domain assumptions. Price trend is a proxy, not historical time-series.",RY_70 + SAFETY_20 + FLOOD_10,FINAL_FROZEN,Medium,850,True,48.0,0.48
e0b7ee45-ad1b-43d3-a8b1-1d961b1ed1f2,Kolkata,Swapnamanjil,3200000.0,8500.0,3.1875,Medium,58.2,Rental Yield Driven,40.7,18.3,7.47,5-10 years,2,Semi-Furnished,0.252,14492,65.34115118,a441b74dad7f785eac01139e4d9fe36c,"Swapnamanjil,Adipally, Santoshpur,Kolkata","2 BHK Flat for sale in Santoshpur, Kolkata",West Bengal,0.581015969,3.1875,0.085111509,0.914888491,0.747444283,State,City,Percent (%),100,2025-12-15,"Flood risk applied at state level due to data availability. Property age, BHK, and furnishing type inferred using domain assumptions. Price trend is a proxy, not historical time-series.",RY_70 + SAFETY_20 + FLOOD_10,FINAL_FROZEN,Medium,970,True,32.0,0.32
b8c51a87-b80d-4163-842f-ec7c0d78667a,Bangalore,BEML Layout,11000000.0,14450.0,1.576363636,Low,40.6,Rental Yield Driven,17.6,8.7,7.47,0-5 years,2,Fully-Furnished,0.714,28358,72.79852595,5901b3d5c8ddae1d9e61a87045d6fe81,"BEML Layout, Bagalur,Bangalore","6 BHK Independent House for sale in Bagalur, Bangalore",Karnataka,0.251686399,1.576363636,0.567077368,0.432922632,0.747444283,State,City,Percent (%),100,2025-12-15,"Flood risk applied at state level due to data availability. Property age, BHK, and furnishing type inferred using domain assumptions. Price trend is a proxy, not historical time-series.",RY_70 + SAFETY_20 + FLOOD_10,FINAL_FROZEN,Medium,800,True,110.0,1.1
3a86c980-a12d-4866-a557-e05c00bae88a,Pune,Rajlaxmi apartment Ganesh Nagar Bhopkhel,3800000.0,14450.0,4.563157895,High,58.5,Rental Yield Driven,51.1,15.3,10.0,0-5 years,2,Fully-Furnished,0.102,17123,62.82136117,17e823e21efdcb9d6007591c7b1e5391,"Rajlaxmi apartment Ganesh Nagar Bhopkhel,Ganesh Nagar, Bopkhel,Pune","2 BHK Flat for sale in Bopkhel, Pune",Maharashtra,0.730245044,4.563157895,0.23502891,0.76497109,1.0,State,City,Percent (%),100,2025-12-15,"Flood risk applied at state level due to data availability. Property age, BHK, and furnishing type inferred using domain assumptions. Price trend is a proxy, not historical time-series.",RY_70 + SAFETY_20 + FLOOD_10,FINAL_FROZEN,Medium,776,True,38.0,0.38
c2802c65-ce61-40b3-9d4b-a76107d78302,Pune,Trishul Housing Society,2500000.0,14450.0,6.936,High,58.5,Rental Yield Driven,60.4,15.3,10.0,0-5 years,2,Semi-Furnished,0.102,17123,62.82136117,a97340387c2018247c9b5f10c00cbefc,Ganesh Puram Flats,"2 BHK Flat for sale in Saswad, Pune",Maharashtra,0.863160793,6.936,0.23502891,0.76497109,1.0,State,City,Percent (%),100,2025-12-15,"Flood risk applied at state level due to data availability. Property age, BHK, and furnishing type inferred using domain assumptions. Price trend is a proxy, not historical time-series.",RY_70 + SAFETY_20 + FLOOD_10,FINAL_FROZEN,Medium,725,True,25.0,0.25
b5924039-5815-4b8a-8165-419f407f05c7,Pune,Pandhari Nagar,2800000.0,14450.0,6.192857143,High,58.5,Rental Yield Driven,58.4,15.3,10.0,0-5 years,2,Semi-Furnished,0.102,17123,62.82136117,5716896883b76398f0e1ab2683d20277,Kohinoor Govindraj,"1 BHK Flat for sale in Handewadi, Pune",Maharashtra,0.834526432,6.192857143,0.23502891,0.76497109,1.0,State,City,Percent (%),100,2025-12-15,"Flood risk applied at state level due to data availability. Property age, BHK, and furnishing type inferred using domain assumptions. Price trend is a proxy, not historical time-series.",RY_70 + SAFETY_20 + FLOOD_10,FINAL_FROZEN,Medium,660,True,28.0,0.28
4377c876-222d-41a7-bfa0-7e9a52460b44,Kolkata,2 BHK Flats In New town,4307000.0,8500.0,2.368237752,Medium,58.2,Rental Yield Driven,29.4,18.3,7.47,10+ years,2,Semi-Furnished,0.252,14492,65.34115118,91bb015d3949b8c251c4289a36a422f2,"2 BHK Flats In New town,Chakpachuria, New Town,Kolkata","2 BHK Flat for sale in New Town, Kolkata",West Bengal,0.420704846,2.368237752,0.085111509,0.914888491,0.747444283,State,City,Percent (%),100,2025-12-15,"Flood risk applied at state level due to data availability. Property age, BHK, and furnishing type inferred using domain assumptions. Price trend is a proxy, not historical time-series.",RY_70 + SAFETY_20 + FLOOD_10,FINAL_FROZEN,Medium,882,True,43.07,0.43
e1bb53d6-0169-4c62-8a2a-52052e835640,Chennai,Padur,6000000.0,13400.0,2.68,Medium,34.5,Rental Yield Driven,34.2,1.1,0.6,0-5 years,2,Semi-Furnished,0.355,58508,72.20217747,176e04b105fabfd4077b12a8a5a28bde,Jain Inseli Park,"2 BHK Flat for sale in Padur, Chennai",Tamil Nadu,0.487919879,2.68,0.945140419,0.054859581,0.059771337,State,City,Percent (%),100,2025-12-15,"Flood risk applied at state level due to data availability. Property age, BHK, and furnishing type inferred using domain assumptions. Price trend is a proxy, not historical time-series.",RY_70 + SAFETY_20 + FLOOD_10,FINAL_FROZEN,Medium,1121,True,60.0,0.6
fa8eda2c-c636-4680-9466-54ab9846920d,Bangalore,Lingapura,4350000.0,14450.0,3.986206897,Medium,40.6,Rental Yield Driven,47.4,8.7,7.47,10+ years,2,Unfurnished,0.714,28358,72.79852595,bb73316668e7675b33cabb0e415585c0,"Lingapura, Bangalore","2 BHK Villa for sale in Lingapura, Bangalore",Karnataka,0.677450441,3.986206897,0.567077368,0.432922632,0.747444283,State,City,Percent (%),100,2025-12-15,"Flood risk applied at state level due to data availability. Property age, BHK, and furnishing type inferred using domain assumptions. Price trend is a proxy, not historical time-series.",RY_70 + SAFETY_20 + FLOOD_10,FINAL_FROZEN,Medium,850,True,43.5,0.44
60716d4f-72d2-4f04-9614-6fda8bb4c937,Bangalore,Rahmath Nagar,4200000.0,14450.0,4.128571429,High,40.6,Rental Yield Driven,48.5,8.7,7.47,0-5 years,2,Unfurnished,0.714,28358,72.79852595,b9cc593cd1504f169e4caf2b0da798ef,"Rahmath Nagar, R. T. Nagar,Bangalore","1 BHK Flat for sale in R. T. Nagar, Bangalore",Karnataka,0.693385187,4.128571429,0.567077368,0.432922632,0.747444283,State,City,Percent (%),100,2025-12-15,"Flood risk applied at state level due to data availability. Property age, BHK, and furnishing type inferred using domain assumptions. Price trend is a proxy, not historical time-series.",RY_70 + SAFETY_20 + FLOOD_10,FINAL_FROZEN,Medium,680,True,42.0,0.42
72215610-f404-4773-bc54-cb418ce27ae9,Mumbai,Budget Homes The,7000000.0,50000.0,8.571428571,High,47.6,Rental Yield Driven,63.5,3.1,10.0,0-5 years,2,Semi-Furnished,0.953,54543,62.82136117,0423fc8e1f38d1c0407310b87a23b48c,"Budget Homes The,P&T Staff Colony, Mulund West,Mumbai","2 BHK Flat for sale in Mulund West, Mumbai",Maharashtra,0.907007159,8.571428571,0.843681167,0.156318833,1.0,State,City,Percent (%),100,2025-12-15,"Flood risk applied at state level due to data availability. Property age, BHK, and furnishing type inferred using domain assumptions. Price trend is a proxy, not historical time-series.",RY_70 + SAFETY_20 + FLOOD_10,FINAL_FROZEN,Small,444,True,70.0,0.7
e866f627-3a77-4e0a-af1d-95a473a5aaff,Chennai,Owners Court Egmore,14000000.0,13400.0,1.148571429,Low,34.5,Rental Yield Driven,10.7,1.1,0.6,5-10 years,2,Semi-Furnished,0.355,58508,72.20217747,051d4f9a489c7f7d05cad2333764ea50,"Owners Court Egmore,Mukta Gardens, Chetpet,Chennai","2 BHK Flat for sale in Chetpet, Chennai",Tamil Nadu,0.15346228,1.148571429,0.945140419,0.054859581,0.059771337,State,City,Percent (%),100,2025-12-15,"Flood risk applied at state level due to data availability. Property age, BHK, and furnishing type inferred using domain assumptions. Price trend is a proxy, not historical time-series.",RY_70 + SAFETY_20 + FLOOD_10,FINAL_FROZEN,Large,1500,True,140.0,1.4
9263e5b9-8865-4de2-9f15-786b74fc34c0,Kolkata,Chit Kalikapur,4000000.0,8500.0,2.55,Medium,58.2,Rental Yield Driven,32.0,18.3,7.47,0-5 years,2,Fully-Furnished,0.252,14492,65.34115118,d6e0b793a7b1d891be2870555ced8247,"Chit Kalikapur, Mukundapur,Kolkata","2 BHK Flat for sale in Mukundapur, Kolkata",West Bengal,0.457427037,2.55,0.085111509,0.914888491,0.747444283,State,City,Percent (%),100,2025-12-15,"Flood risk applied at state level due to data availability. Property age, BHK, and furnishing type inferred using domain assumptions. Price trend is a proxy, not historical time-series.",RY_70 + SAFETY_20 + FLOOD_10,FINAL_FROZEN,Medium,700,True,40.0,0.4
4b5c29e3-3210-4ba4-bdcc-707c8399d56d,Bangalore,Basapura,4000000.0,14450.0,4.335,High,40.6,Rental Yield Driven,49.8,8.7,7.47,0-5 years,2,Unfurnished,0.714,28358,72.79852595,d1e54882c3521d2b4107273decf960f4,Mahaveer Turquoise,"1 BHK Flat for sale in Basapura, Bangalore",Karnataka,0.711143998,4.335,0.567077368,0.432922632,0.747444283,State,City,Percent (%),100,2025-12-15,"Flood risk applied at state level due to data availability. Property age, BHK, and furnishing type inferred using domain assumptions. Price trend is a proxy, not historical time-series.",RY_70 + SAFETY_20 + FLOOD_10,FINAL_FROZEN,Small,550,True,40.0,0.4
b5a4fd8b-35b4-4a92-a7cd-ed5b9a8f0e71,Bangalore,Chandra Layout,4800000.0,14450.0,3.6125,Medium,40.6,Rental Yield Driven,44.6,8.7,7.47,10+ years,2,Fully-Furnished,0.714,28358,72.79852595,75ac7b4fdfa8333201b36f4b5f75ef98,"Chandra Layout, Attiguppe,Bangalore","3 BHK Independent House for sale in Attiguppe, Bangalore",Karnataka,0.636770374,3.6125,0.567077368,0.432922632,0.747444283,State,City,Percent (%),100,2025-12-15,"Flood risk applied at state level due to data availability. Property age, BHK, and furnishing type inferred using domain assumptions. Price trend is a proxy, not historical time-series.",RY_70 + SAFETY_20 + FLOOD_10,FINAL_FROZEN,Large,1200,True,48.0,0.48
2a0a353b-de94-4092-b0b0-b4d28ebb1257,Chennai,RE Apartment,6500000.0,13400.0,2.473846154,Medium,34.5,Rental Yield Driven,30.4,1.1,0.6,0-5 years,2,Fully-Furnished,0.355,58508,72.20217747,646b417249b3f1de02f86b5a2557663d,"RE Apartment,Choolai, Chennai","2 BHK Flat for sale in Choolai, Chennai",Tamil Nadu,0.433610958,2.473846154,0.945140419,0.054859581,0.059771337,State,City,Percent (%),100,2025-12-15,"Flood risk applied at state level due to data availability. Property age, BHK, and furnishing type inferred using domain assumptions. Price trend is a proxy, not historical time-series.",RY_70 + SAFETY_20 + FLOOD_10,FINAL_FROZEN,Medium,780,True,65.0,0.65
172977be-0e80-4378-8f79-29438b250d88,Pune,Indira Nagar,6200000.0,14450.0,2.796774194,Medium,58.5,Rental Yield Driven,35.3,15.3,10.0,0-5 years,2,Unfurnished,0.102,17123,62.82136117,65a7f0427b740b493cea7a0c0093c78b,"Indira Nagar, Dhanori,Pune","3 BHK Flat for sale in Dhanori, Pune",Maharashtra,0.503992291,2.796774194,0.23502891,0.76497109,1.0,State,City,Percent (%),100,2025-12-15,"Flood risk applied at state level due to data availability. Property age, BHK, and furnishing type inferred using domain assumptions. Price trend is a proxy, not historical time-series.",RY_70 + SAFETY_20 + FLOOD_10,FINAL_FROZEN,Large,1330,True,62.0,0.62
da17fe8f-2346-4770-8fde-7107c210381c,Bangalore,Krishnarajapura,4900000.0,14450.0,3.53877551,Medium,40.6,Rental Yield Driven,44.0,8.7,7.47,5-10 years,2,Unfurnished,0.714,28358,72.79852595,6b2b152b8503cfb19714407600a96d1d,Anvitha Delight,"2 BHK Flat for sale in Krishnarajapura, Bangalore",Karnataka,0.627994218,3.53877551,0.567077368,0.432922632,0.747444283,State,City,Percent (%),100,2025-12-15,"Flood risk applied at state level due to data availability. Property age, BHK, and furnishing type inferred using domain assumptions. Price trend is a proxy, not historical time-series.",RY_70 + SAFETY_20 + FLOOD_10,FINAL_FROZEN,Medium,1195,True,49.0,0.49
6453325c-97b6-43e8-a100-11532f0feb4d,Bangalore,Hulimavu,37500000.0,15900.0,0.5088,Low,73.6,Safety Driven,2.9,8.7,7.47,5-10 years,2,Unfurnished,0.714,28358,72.79852595,8911df91cc62b0db4c05afef873c95b7,Valmark Apas,"4 BHK Villa for sale in Hulimavu, Bangalore",Karnataka,0.040748899,0.5088,0.567077368,0.432922632,0.747444283,State,City,Percent (%),100,2025-12-15,"Flood risk applied at state level due to data availability. Property age, BHK, and furnishing type inferred using domain assumptions. Price trend is a proxy, not historical time-series.",RY_70 + SAFETY_20 + FLOOD_10,FINAL_FROZEN,Large,3560,True,375.0,3.75
3b1e04d2-6c97-4d86-ad7c-0e4d42232e35,Mumbai,VSNL Colony,34000000.0,50000.0,1.764705882,Low,47.6,Rental Yield Driven,20.0,3.1,10.0,5-10 years,2,Unfurnished,0.953,54543,62.82136117,bb78eae9e0ca667268bfd55ffb80832d,Harsh Vista,"2 BHK Flat for sale in Mahim, Mumbai",Maharashtra,0.285965033,1.764705882,0.843681167,0.156318833,1.0,State,City,Percent (%),100,2025-12-15,"Flood risk applied at state level due to data availability. Property age, BHK, and furnishing type inferred using domain assumptions. Price trend is a proxy, not historical time-series.",RY_70 + SAFETY_20 + FLOOD_10,FINAL_FROZEN,Medium,950,True,340.0,3.4
aedb5c3a-9bfc-4fc8-adf8-76b0e2f0803c,Bangalore,Veer Sandra,20500000.0,14450.0,0.845853659,Low,40.6,Safety Driven,6.7,8.7,7.47,0-5 years,2,Fully-Furnished,0.714,28358,72.79852595,ef3b73b8c6e62e0f88901459f8f351b6,"Veer Sandra, Electronic City,Bangalore","10 BHK Independent House for sale in Electronic City, Bangalore",Karnataka,0.096124725,0.845853659,0.567077368,0.432922632,0.747444283,State,City,Percent (%),100,2025-12-15,"Flood risk applied at state level due to data availability. Property age, BHK, and furnishing type inferred using domain assumptions. Price trend is a proxy, not historical time-series.",RY_70 + SAFETY_20 + FLOOD_10,FINAL_FROZEN,Large,6500,True,205.0,2.05
1267c728-8003-4c54-9e9e-05a42f75b38e,Hyderabad,Ahmedguda,7300000.0,13815.34091,2.271014944,Medium,51.0,Rental Yield Driven,27.7,19.6,0.5,10+ years,2,Fully-Furnished,0.888,8200,72.30334564,1ca0774d526cd07d3e5ebbc18a3e0259,"Ahmedguda, Hyderabad","2 BHK Independent House for sale in Ahmedguda, Hyderabad",Telangana,0.395064703,2.271014944,0.018619218,0.981380782,0.049631365,State,City,Percent (%),100,2025-12-15,"Flood risk applied at state level due to data availability. Property age, BHK, and furnishing type inferred using domain assumptions. Price trend is a proxy, not historical time-series.",RY_70 + SAFETY_20 + FLOOD_10,FINAL_FROZEN,Large,1200,True,73.0,0.73
aed97173-4f22-464d-87c8-d80445a59872,Hyderabad,Madinaguda,9000000.0,13815.34091,1.842045455,Low,51.0,Rental Yield Driven,21.3,19.6,0.5,0-5 years,2,Semi-Furnished,0.888,8200,72.30334564,fb0cd896b128f27c9c616bf70fe6d591,Lakshmi Elite,"2 BHK Flat for sale in Madeenaguda, Hyderabad",Telangana,0.303827093,1.842045455,0.018619218,0.981380782,0.049631365,State,City,Percent (%),100,2025-12-15,"Flood risk applied at state level due to data availability. Property age, BHK, and furnishing type inferred using domain assumptions. Price trend is a proxy, not historical time-series.",RY_70 + SAFETY_20 + FLOOD_10,FINAL_FROZEN,Large,1200,True,90.0,0.9
6a95a457-2713-41e2-9a1d-2fb9c152e9d5,Mumbai,P&T Staff Colony,23000000.0,50000.0,2.608695652,Medium,47.6,Rental Yield Driven,32.6,3.1,10.0,5-10 years,2,Semi-Furnished,0.953,54543,62.82136117,ec348ac75fdc95df31b0a92b7b3757aa,"P&T Staff Colony, Mulund West,Mumbai","3 BHK Flat for sale in Mulund West, Mumbai",Maharashtra,0.46596228,2.608695652,0.843681167,0.156318833,1.0,State,City,Percent (%),100,2025-12-15,"Flood risk applied at state level due to data availability. Property age, BHK, and furnishing type inferred using domain assumptions. Price trend is a proxy, not historical time-series.",RY_70 + SAFETY_20 + FLOOD_10,FINAL_FROZEN,Large,1350,True,230.0,2.3
b7a4b038-ec03-4bc1-9d9d-bf5a193ca27b,Bangalore,Sukhi Apartments Rhenius Street,30000000.0,14450.0,0.578,Low,40.6,Safety Driven,3.7,8.7,7.47,0-5 years,2,Unfurnished,0.714,28358,72.79852595,c2d417571162779d845c7a53a7c8e506,"Sukhi Apartments Rhenius Street,Richmond Town, Bangalore","3 BHK Flat for sale in Richmond Town, Bangalore",Karnataka,0.052519273,0.578,0.567077368,0.432922632,0.747444283,State,City,Percent (%),100,2025-12-15,"Flood risk applied at state level due to data availability. Property age, BHK, and furnishing type inferred using domain assumptions. Price trend is a proxy, not historical time-series.",RY_70 + SAFETY_20 + FLOOD_10,FINAL_FROZEN,Large,2722,True,300.0,3.0
